{
  "i18n/i18n.properties": 1719915028466,
  "model/models.js": 1719915028466,
  "manifest.json": 1719917766713,
  "controller/Home.controller.js": 1719915028466,
  "controller/Details.controller.js": 1719915028466,
  "controller/BaseController.js": 1719915028466,
  "controller/App.controller.js": 1719915028466,
  "Component.js": 1719915028466,
  "Component-preload.js": 1719917766858,
  "controller/Details-dbg.controller.js": 1719915028466,
  "controller/Home-dbg.controller.js": 1719915028466,
  "model/models-dbg.js": 1719915028466,
  "controller/BaseController-dbg.js": 1719915028466,
  "controller/App-dbg.controller.js": 1719915028466,
  "Component-dbg.js": 1719915028466,
  "view/Home.view.xml": 1719915028470,
  "view/Details.view.xml": 1719915028470,
  "view/App.view.xml": 1719915028466,
  "fragments/Salary.fragment.xml": 1719915028466,
  "fragments/Designation.fragment.xml": 1719915028466,
  "fragments/Department.fragment.xml": 1719915028466,
  "fragments/CreateEmployeeDialog.fragment.xml": 1719915028466,
  "fragments/Address.fragment.xml": 1719915028466,
  "css/style.css": 1719915028466,
  "index.html": 1719915028466
}