{
  "fragments/Salary.fragment.xml": 1715056452145,
  "model/models.js": 1715056452145,
  "manifest.json": 1715239407041,
  "controller/Home.controller.js": 1715057367349,
  "controller/Details.controller.js": 1715056452145,
  "controller/BaseController.js": 1715057486286,
  "controller/App.controller.js": 1715056452145,
  "Component.js": 1715056452145,
  "Component-preload.js": 1715239407443,
  "controller/Home-dbg.controller.js": 1715057367349,
  "model/models-dbg.js": 1715056452145,
  "controller/Details-dbg.controller.js": 1715056452145,
  "controller/BaseController-dbg.js": 1715057486286,
  "controller/App-dbg.controller.js": 1715056452145,
  "Component-dbg.js": 1715056452145,
  "view/Home.view.xml": 1715056452145,
  "view/Details.view.xml": 1715160761930,
  "view/App.view.xml": 1715056452145,
  "i18n/i18n.properties": 1715058472472,
  "fragments/Designation.fragment.xml": 1715056452145,
  "fragments/Department.fragment.xml": 1715056452145,
  "fragments/CreateEmployeeDialog.fragment.xml": 1715056452145,
  "fragments/Address.fragment.xml": 1715056452145,
  "css/style.css": 1715056452145,
  "index.html": 1715056452145
}